element_type,file,line,snippet,context
button,src/components/ui/ContactForm.tsx,97,"<Button\n        type=""submit""\n        disabled={status === ""loading"" || cooldown}\n        className=""w-full py-8 text-sm uppercase tracking-widest font-black bg-primary text-zinc-950 group""\n      ",)} </AnimatePresence>
"input[type=""text""]",src/components/ui/ContactForm.tsx,42,"<input type=""text"" name=""bot_field"" tabIndex={-1} autoComplete=""off"" />","<form onSubmit={handleSubmit} className=""space-y-8"" aria-labelledby=""contact-title""> {/* Honeypot Field (Hidden for huma"
"input[type=""text""]",src/features/manifest-editor/components/gallery/TemplateGallery.tsx,74,"<input \n              type=""text""\n              placeholder=""Search templates (e.g. Filter, Oscillator, I/O)...""\n              value={searchQuery}\n              onChange={(e) => setSearchQuery","<div className=""px-6 py-4 border-b wb-outline wb-surface-subtle flex items-center gap-4""> <div className=""flex-1 relativ"
button,src/features/manifest-editor/components/header/ThemeToggle.tsx,76,<button\n              key={theme.id}\n              onClick={() => {\n                setUiTheme(theme.id);\n                setIsOpen(false);\n              }}\n              className={`w-full flex,"{isOpen && ( <div className=""absolute right-0 top-full mt-1 w-[180px] wb-surface border wb-outline rounded-xs shadow-2xl"
button,src/features/manifest-editor/components/help/HelpSectionItem.tsx,27,<button \n        onClick={onToggle}\n        className={`w-full flex items-center justify-between p-5 rounded-xs border transition-all ${\n          isExpanded ? 'bg-white/[0.03] border-white/20' : ',"export function HelpSectionItem({ section, isExpanded, onToggle }: HelpSectionItemProps) { return ( <div id={`help-ancho"
button,src/features/manifest-editor/components/hub/IndustrialStatusSection.tsx,64,<button \n           onClick={onDeploy}\n           className={`w-full flex items-center justify-center gap-3 p-4 rounded-sm transition-all shadow-xl group relative overflow-hidden ${sysReady ? 'bg-ac,"</div> <div className=""space-y-2"">"
button,src/features/manifest-editor/components/hub/LogicAssetsSection.tsx,44,"<button \n          onClick={() => triggerUpload('folder-upload')} \n          className=""w-full flex items-center justify-between p-3.5 bg-primary/10 border border-primary/20 rounded-sm hover:bg-prim","</div> <div className=""flex flex-col gap-2"">"
button,src/features/manifest-editor/components/hub/LogicAssetsSection.tsx,96,<button onClick={onClick} title={`Upload ${label}`} className={`flex flex-col items-center justify-center gap-1.5 p-3 wb-surface border wb-outline rounded-sm transition-all group relative overflow-hid,const indicatorClass = color === 'primary' ? 'bg-primary/20' : color === 'accent' ? 'bg-accent/20' : 'bg-cyan-400/20'; r
button,src/features/manifest-editor/components/ingestion/IngestionFileList.tsx,39,<button\n                  key={item.id}\n                  onClick={() => setPrimary(item.id)}\n                  className={`w-full flex items-center justify-between p-3 rounded-xs border transition,"</h3> <div className=""space-y-1""> {items.map(item => ("
button,src/features/manifest-editor/components/ingestion/IngestionFileList.tsx,72,<button\n                key={item.id}\n                onClick={() => toggleSelect(item.id)}\n                className={`flex items-center gap-3 p-2 rounded-xs border transition-all ${\n            ,"</h3> <div className=""grid grid-cols-2 gap-2""> {ingestionList.filter(i => i.type === 'resource').map(item => ("
button,src/features/manifest-editor/components/inspector/aesthetic/ArchPlaneSelector.tsx,32,<button\n            key={t}\n            onClick={() => {\n              if (!item.presentation) return;\n              onUpdate({ \n                presentation: { \n                  ...item.presen,"> <div className=""grid grid-cols-5 gap-1.5 pt-2""> {(['MAIN', 'FX', 'EDIT', 'MIDI', 'MOD'] as TabName[]).map(t => ("
"input[type=""range""]",src/features/manifest-editor/components/inspector/aesthetic/governance/AtmosphericPhysicsGovernance.tsx,98,"<input \n                         type=""range"" min=""0"" max=""360"" value={lighting.shadowAngle} \n                         onChange={(e) => updateLighting({ shadowAngle: parseInt(e.target.value) })}","<span className=""text-[8px] font-mono text-accent"">{lighting.shadowAngle}°</span> </div> <div className=""flex items-cent"
"input[type=""range""]",src/features/manifest-editor/components/inspector/aesthetic/governance/AtmosphericPhysicsGovernance.tsx,114,"<input \n                      type=""range"" min=""0"" max=""1"" step=""0.05"" value={lighting.ambientIntensity ?? 0.5} \n                      onChange={(e) => updateLighting({ ambientIntensity: parseFloa","<label className=""text-[7px] font-black uppercase wb-text-muted"">Ambient Light Intensity</label> <span className=""text-["
"input[type=""range""]",src/features/manifest-editor/components/inspector/aesthetic/governance/AtmosphericPhysicsGovernance.tsx,136,"<input \n                      type=""range"" min=""0"" max=""1"" step=""0.05"" value={lighting.surfaceGrain ?? 0} \n                      onChange={(e) => updateLighting({ surfaceGrain: parseFloat(e.target","<label className=""text-[7px] font-black uppercase wb-text-muted"">Industrial Surface Grain</label> <span className=""text-"
"input[type=""range""]",src/features/manifest-editor/components/inspector/aesthetic/governance/AtmosphericPhysicsGovernance.tsx,150,"<input \n                      type=""range"" min=""0"" max=""1"" step=""0.05"" value={lighting.specularIntensity ?? 0.2} \n                      onChange={(e) => updateLighting({ specularIntensity: parseFl","<label className=""text-[7px] font-black uppercase wb-text-muted"">Edge Reflection (Specular)</label> <span className=""tex"
"input[type=""range""]",src/features/manifest-editor/components/inspector/aesthetic/governance/AtmosphericPhysicsGovernance.tsx,172,"<input \n                         type=""range"" min=""0"" max=""1"" step=""0.05"" value={lighting.opacity ?? 1} \n                         onChange={(e) => updateLighting({ opacity: parseFloat(e.target.val","<label className=""text-[7px] font-black uppercase wb-text-muted"">Global Opacity</label> <span className=""text-[8px] font"
"input[type=""range""]",src/features/manifest-editor/components/inspector/aesthetic/governance/AtmosphericPhysicsGovernance.tsx,185,"<input \n                         type=""range"" min=""0"" max=""20"" value={lighting.globalBlur ?? 0} \n                         onChange={(e) => updateLighting({ globalBlur: parseInt(e.target.value) })}","<label className=""text-[7px] font-black uppercase wb-text-muted"">Backdrop Blur</label> <span className=""text-[8px] font-"
button,src/features/manifest-editor/components/inspector/aesthetic/governance/RackChassisGovernance.tsx,236,<button \n                             key={style.id}\n                             onClick={() => updateHardware({ variant: style.id })}\n                             className={`\n                  ,const sUrl = resolveAsset(sAsset); return (
"input[type=""range""]",src/features/manifest-editor/components/inspector/aesthetic/governance/RackChassisGovernance.tsx,114,"<input \n                   type=""range"" min=""0"" max=""40"" step=""1""\n                   value={hardware.screwOffset ?? 8} \n                   onChange={(e) => updateHardware({ screwOffset: parseInt(e.","<span className=""text-[8px] font-mono text-accent"">{hardware.screwOffset || 8}px</span> </div> <div className=""flex item"
button,src/features/manifest-editor/components/inspector/aesthetic/styles/library/LibraryBatchOps.tsx,23,"<button \n        onClick={onExport} \n        className=""flex-1 flex items-center justify-center gap-2 py-2 bg-black/40 border wb-outline rounded-xs hover:bg-primary/5 group transition-all""\n      >\","export default function LibraryBatchOps({ onExport, onImport }: LibraryBatchOpsProps) { return ( <div className=""flex it"
button,src/features/manifest-editor/components/inspector/aesthetic/styles/library/LibraryBatchOps.tsx,30,"<button \n        onClick={onImport} \n        className=""flex-1 flex items-center justify-center gap-2 py-2 bg-black/40 border wb-outline rounded-xs hover:bg-primary/5 group transition-all""\n      >\","<Download className=""w-3 h-3 wb-text-muted group-hover:text-primary"" /> <span className=""text-[8px] font-black uppercase"
button,src/features/manifest-editor/components/inspector/aesthetic/styles/library/StyleVariantCard.tsx,102,"<button \n                  onClick={(e) => { e.stopPropagation(); onApply(); }}\n                  className=""px-1.5 py-0.5 bg-accent/10 border border-accent/20 rounded-[2px] text-[5px] font-black up","<span className=""text-[6px] font-mono text-white/20"">{style.id.slice(-6)}</span> <div className=""flex items-center gap-1"
"input[type=""text""]",src/features/manifest-editor/components/inspector/aesthetic/styles/library/StyleVariantCard.tsx,91,"<input \n          type=""text"" \n          value={style.label}\n          onChange={(e) => onLabelChange(e.target.value)}",</div> </div>
button,src/features/manifest-editor/components/inspector/aesthetic/styles/ModuleStyleLibrary.tsx,172,<button \n                onClick={() => setShowAll(!showAll)}\n                className={`flex items-center gap-2 px-3 py-1.5 rounded-xs border text-[7px] font-black uppercase transition-all ${showA,{showAll ? 'Showing all industrial elements' : 'Showing only elements present in Rack'} </span> </div>
button,src/features/manifest-editor/components/inspector/aesthetic/styles/ModuleStyleLibrary.tsx,233,"<button \n                        onClick={() => addVariation(type)}\n                        className=""flex items-center gap-1.5 px-2 py-0.5 rounded-xs border text-[7px] font-black uppercase transit","<div className=""flex items-center justify-between border-b wb-outline pb-2""> <span className=""text-[7px] font-black uppe"
button,src/features/manifest-editor/components/inspector/aesthetic/typography/components/FontAssetManager.tsx,70,"<button \n              onClick={() => onRemove(idx)}\n              className=""p-1.5 text-foreground/20 hover:text-red-400 hover:wb-surface-subtle rounded-xs transition-all""\n            >\n         ","<span className=""text-[10px] font-bold text-accent"">{font.name}</span> <span className=""text-[7px] font-mono wb-text-mut"
button,src/features/manifest-editor/components/inspector/attachments/AttachmentCard.tsx,66,"<button \n              onClick={(e) => { e.stopPropagation(); onRemove(idx as number); }} \n              className=""p-1 wb-text-muted hover:text-red-500 transition-colors opacity-0 group-hover:opaci","</div> <div className=""flex items-center gap-2""> {!isCore && ("
"input[type=""text""]",src/features/manifest-editor/components/inspector/attachments/AttachmentLogicFields.tsx,59,"<input \n            type=""text"" \n            value={att.text || ''} \n            onChange={(e) => onUpdate({ text: e.target.value })}","<Type className=""w-2 h-2"" /> <span>{isStepper ? 'Button Literal' : 'Static Content'}</span> </label>"
"input[type=""range""]",src/features/manifest-editor/components/inspector/attachments/AttachmentPrecisionOffsets.tsx,37,"<input \n            type=""range"" min=""-64"" max=""64"" \n            value={offsetY || 0} \n            onChange={(e) => onUpdate({ offsetY: parseInt(e.target.value) })}","<span className=""text-[6px] wb-text-muted uppercase font-black tracking-widest transition-colors duration-500"">Vertical "
"input[type=""range""]",src/features/manifest-editor/components/inspector/attachments/AttachmentPrecisionOffsets.tsx,50,"<input \n            type=""range"" min=""-64"" max=""64"" \n            value={offsetX || 0} \n            onChange={(e) => onUpdate({ offsetX: parseInt(e.target.value) })}","<span className=""text-[6px] wb-text-muted uppercase font-black tracking-widest transition-colors duration-500"">Horizonta"
button,src/features/manifest-editor/components/inspector/attachments/AttachmentsHeader.tsx,30,"<button \n        onClick={onAdd}\n        className=""flex items-center gap-1.5 px-2 py-1 bg-primary text-background hover:scale-105 transition-all rounded-xs shadow-lg shadow-primary/20""\n      >\n  ","<Info className=""w-3 h-3"" /> </button> </div>"
button,src/features/manifest-editor/components/inspector/attachments/AttachmentVariantSpec.tsx,41,<button \n              key={s}\n              onClick={() => {\n                const parts = currentVariant.split('_');\n                onUpdate({ variant: `${s}_${parts[1] || 'cyan'}` });\n       ,"/> <div className=""flex gap-1""> {['A', 'B', 'C', 'D'].map(s => ("
"input[type=""text""]",src/features/manifest-editor/components/inspector/attachments/AttachmentVariantSpec.tsx,32,"<input \n          type=""text"" \n          value={currentVariant} \n          onChange={(e) => onUpdate({ variant: e.target.value })}","<span>OMEGA Variant (Size_Color)</span> </label> <div className=""flex gap-2"">"
button,src/features/manifest-editor/components/inspector/BlueprintLibraryPanel.tsx,151,<button\n          onClick={() => setActiveTab('official')}\n          className={`flex-1 flex items-center justify-center gap-1.5 px-3 py-1.5 text-[8px] font-black uppercase tracking-wider rounded-,"<div className=""flex-1 flex flex-col overflow-hidden wb-surface text-[9px] font-sans""> {/* TABS — Tech-Noir Glassmorphis"
button,src/features/manifest-editor/components/inspector/BlueprintLibraryPanel.tsx,162,<button\n          onClick={() => setActiveTab('library')}\n          className={`flex-1 flex items-center justify-center gap-1.5 px-3 py-1.5 text-[8px] font-black uppercase tracking-wider rounded-[,"<BookOpen className=""w-3 h-3"" /> Official Store </button>"
button,src/features/manifest-editor/components/inspector/BlueprintLibraryPanel.tsx,276,"<button\n              onClick={onLoadAcepack}\n              className=""flex items-center justify-center gap-2 px-3 py-2 border border-dashed border-primary/30 rounded-xs hover:border-primary/60 ho",{activeTab === 'library' && ( <> {/* LOAD BUTTON */}
"input[type=""text""]",src/features/manifest-editor/components/inspector/BlueprintLibraryPanel.tsx,179,"<input\n            type=""text""\n            placeholder={`Search ${activeTab === 'official' ? 'store' : 'local'} blueprints...`}\n            value={searchQuery}\n            onChange={(e) => set","<div className=""p-2 border-b wb-outline flex flex-col gap-1.5 wb-surface-subtle shrink-0""> <div className=""relative flex"
button,src/features/manifest-editor/components/inspector/CellPreview.tsx,32,"<button \n        onClick={() => setIsCollapsed(!isCollapsed)}\n        className=""absolute top-2 right-2 z-50 p-1.5 rounded-xs wb-surface-strong hover:bg-primary/10 border wb-outline wb-text-muted ","return ( <div className=""relative group""> {/* COLLAPSE TOGGLE */}"
button,src/features/manifest-editor/components/inspector/CompliancePanel.tsx,160,<button\n                onClick={() => toggleGroup(group)}\n                className={`flex items-center gap-1.5 px-2 py-1.5 ${cfg.bg} ${cfg.border} border-b border-white/5 hover:bg-white/5 transiti,"return ( <div key={group} className=""flex flex-col border border-white/5 rounded-xs overflow-hidden""> {/* Group header —"
button,src/features/manifest-editor/components/inspector/CompliancePanel.tsx,212,"<button\n            onClick={() => setShowGuidelines(!showGuidelines)}\n            className=""flex items-center gap-1.5 px-2 py-1.5 bg-primary/5 border-b border-white/5 hover:bg-white/5 transition-c","{/* Collapsible Guidelines Section (Migrated from AuditGuidelines) */} <div className=""flex flex-col border border-white"
button,src/features/manifest-editor/components/inspector/CompliancePanel.tsx,254,"<button\n          onClick={handleDownload}\n          className=""flex-1 flex items-center justify-center gap-1.5 px-2 py-1.5 rounded-xs bg-primary/10 border border-primary/30 text-primary hover:bg-pr","{/* ── FOOTER ACTIONS ──────────────────────────────────── */} <div className=""shrink-0 p-2 border-t border-white/5 bg-b"
button,src/features/manifest-editor/components/inspector/CompliancePanel.tsx,306,"<button\n        onClick={() => setExpanded(!expanded)}\n        className=""w-full flex items-center gap-1.5 px-2 py-1.5 hover:bg-white/5 transition-colors text-left""\n      >\n        <div className=","return ( <div className=""border-b border-white/5 last:border-b-0""> {/* Clickable row — toggle detail */}"
button,src/features/manifest-editor/components/inspector/CompliancePanel.tsx,354,"<button\n                    onClick={(e) => {\n                      e.stopPropagation();\n                      onNavigate(issue.path!);\n                    }}\n                    className=""flex ",{/* Locate in Workbench */} {onNavigate && issue.path && (
button,src/features/manifest-editor/components/inspector/container/ContainerCard.tsx,53,"<button \n            onClick={(e) => { e.stopPropagation(); onUpdate(container.id, { collapsed: !container.collapsed }); }}\n            className={`p-1.5 rounded-xs transition-all ${container.collap","</div> </div> <div className=""flex items-center gap-1"">"
button,src/features/manifest-editor/components/inspector/container/ContainerCard.tsx,60,"<button \n            onClick={(e) => { e.stopPropagation(); onRemove(container.id); }}\n            className=""p-1.5 text-foreground/20 hover:text-red-400 hover:bg-red-500/5 rounded-xs transition-all","> {container.collapsed ? <Maximize className=""w-3.5 h-3.5"" /> : <Minimize2 className=""w-3.5 h-3.5"" />} </button>"
"input[type=""text""]",src/features/manifest-editor/components/inspector/container/ContainerCard.tsx,42,"<input \n              type=""text"" \n              value={container.label} \n              onChange={(e) => { e.stopPropagation(); onUpdate(container.id, { label: e.target.value }); }}","{isExpanded ? <ChevronDown className=""w-4 h-4"" /> : <ChevronRight className=""w-4 h-4"" />} </div> <div className=""flex fl"
button,src/features/manifest-editor/components/inspector/container/ContainerForm.tsx,44,"<button\n                key={s.id}\n                onClick={() => onUpdate(container.id, { \n                  variant: s.id,\n                  // Purge local overrides to force style library inher","{containerStyles.length > 0 ? ( <div className=""grid grid-cols-2 gap-1.5""> {containerStyles.map(s => ("
"input[type=""number""]",src/features/manifest-editor/components/inspector/container/ContainerForm.tsx,85,"<input \n                   type=""number"" \n                   value={container.pos.x} \n                   onChange={(e) => onUpdate(container.id, { pos: { ...container.pos, x: parseInt(e.target.valu","<div className=""flex gap-2""> <div className=""flex-1 flex items-center bg-black/40 border border-outline/10 rounded-xs px"
"input[type=""number""]",src/features/manifest-editor/components/inspector/container/ContainerForm.tsx,94,"<input \n                   type=""number"" \n                   value={container.pos.y} \n                   onChange={(e) => onUpdate(container.id, { pos: { ...container.pos, y: parseInt(e.target.valu","</div> <div className=""flex-1 flex items-center bg-black/40 border border-outline/10 rounded-xs px-2 py-1""> <span classN"
"input[type=""number""]",src/features/manifest-editor/components/inspector/container/ContainerForm.tsx,124,"<input \n                   type=""number"" \n                   value={container.size.height} \n                   onChange={(e) => onUpdate(container.id, { size: { ...container.size, height: parseInt(","</select> <div className=""flex-1 flex items-center bg-black/40 border border-outline/10 rounded-xs px-2 py-1""> <span cla"
button,src/features/manifest-editor/components/inspector/editors/ColorInput.tsx,38,<button\n            key={s}\n            className={`w-4 h-4 rounded border ${value === s ? 'border-white' : 'border-transparent'}`}\n            style={{ backgroundColor: s }}\n            onClick={,"</div> <div className=""flex gap-0.5 mt-1""> {SWATCHES.map((s) => ("
"input[type=""color""]",src/features/manifest-editor/components/inspector/editors/ColorInput.tsx,24,"<input\n          className=""w-5 h-5 rounded border border-[#333] cursor-pointer""\n          type=""color""\n          value={value || '#333333'}\n          onChange={(e) => onChange(e.target.value)}","<div> <label className=""text-[10px] text-gray-500 block"">{label}</label> <div className=""flex items-center gap-1"">"
"input[type=""text""]",src/features/manifest-editor/components/inspector/editors/ColorInput.tsx,30,"<input\n          className=""flex-1 bg-[#1a1a1a] border border-[#333] rounded px-1 py-0.5 text-xs text-white font-mono""\n          value={value}\n          onChange={(e) => onChange(e.target.value)}",value={value || '#333333'} onChange={(e) => onChange(e.target.value)} />
button,src/features/manifest-editor/components/inspector/fields/FieldRenderer.tsx,122,<button\n                key={opt.value}\n                onClick={() => {\n                  if (!field.path) return;\n                  if (isMulti) {\n                    const arr: string[] = Arra,} return (
"input[type=""text""]",src/features/manifest-editor/components/inspector/LayerRow.tsx,230,"<input\n                type=""text""\n                value={editValue}\n                onChange={(e) => setEditValue(e.target.value)}","style: { color: isSelected ? undefined : nodeColor }, })} {isEditing ? ("
button,src/features/manifest-editor/components/inspector/LayersPanel.tsx,510,<button\n              key={type}\n              onClick={() => setTypeFilter(type)}\n              className={`inline-flex items-center gap-1 px-1.5 py-0.5 border rounded-xs uppercase tracking-widest,"<div className=""flex flex-wrap gap-1""> {COMPONENT_FILTERS.map(({ type, label, icon: Icon }) => ("
button,src/features/manifest-editor/components/inspector/LayersPanel.tsx,609,<button onClick={() => setShowHistory(!showHistory)} onMouseEnter={() => setHoverHistory(true)} onMouseLeave={() => setHoverHistory(false)}\n                    className={`inline-flex items-center ga,")} {batchHistory.length > 0 && ( <div className=""relative"">"
button,src/features/manifest-editor/components/inspector/LayersPanel.tsx,752,"<button onClick={() => { onGroupSelected(); closeContextMenu(); }}\n              className=""w-full text-left px-2 py-1.5 hover:bg-primary/20 hover:text-primary text-[8px] font-black uppercase trackin",onClick={(e) => e.stopPropagation()} > {multiSelectedIds.length >= 2 && onGroupSelected && (
button,src/features/manifest-editor/components/inspector/LayersPanel.tsx,756,"<button onClick={() => { onGroupDown(contextMenu.nodeId); closeContextMenu(); }}\n              className=""w-full text-left px-2 py-1.5 hover:bg-primary/20 hover:text-primary text-[8px] font-black upp","className=""w-full text-left px-2 py-1.5 hover:bg-primary/20 hover:text-primary text-[8px] font-black uppercase tracking-"
button,src/features/manifest-editor/components/inspector/LayersPanel.tsx,760,"<button onClick={() => { onMoveNodeUpDown(contextMenu.nodeId, 'up'); closeContextMenu(); }}\n              className=""w-full text-left px-2 py-1.5 hover:bg-primary/20 hover:text-primary text-[8px] fon","className=""w-full text-left px-2 py-1.5 hover:bg-primary/20 hover:text-primary text-[8px] font-black uppercase tracking-"
button,src/features/manifest-editor/components/inspector/LayersPanel.tsx,762,"<button onClick={() => { onMoveNodeUpDown(contextMenu.nodeId, 'down'); closeContextMenu(); }}\n              className=""w-full text-left px-2 py-1.5 hover:bg-primary/20 hover:text-primary text-[8px] f","{multiSelectedIds.length === 1 && onMoveNodeUpDown && (<> <button onClick={() => { onMoveNodeUpDown(contextMenu.nodeId, "
button,src/features/manifest-editor/components/inspector/LayersPanel.tsx,766,"<button onClick={() => { onDuplicateItem(contextMenu.nodeId); closeContextMenu(); }}\n              className=""w-full text-left px-2 py-1.5 hover:bg-primary/20 hover:text-primary text-[8px] font-black","className=""w-full text-left px-2 py-1.5 hover:bg-primary/20 hover:text-primary text-[8px] font-black uppercase tracking-"
button,src/features/manifest-editor/components/inspector/LayersPanel.tsx,770,"<button onClick={() => { onDuplicateGroup(contextMenu.nodeId); closeContextMenu(); }}\n              className=""w-full text-left px-2 py-1.5 hover:bg-primary/20 hover:text-primary text-[8px] font-blac","className=""w-full text-left px-2 py-1.5 hover:bg-primary/20 hover:text-primary text-[8px] font-black uppercase tracking-"
button,src/features/manifest-editor/components/inspector/LayersPanel.tsx,774,"<button onClick={() => { onUngroupNode(contextMenu.nodeId); closeContextMenu(); }}\n              className=""w-full text-left px-2 py-1.5 hover:bg-primary/20 hover:text-primary text-[8px] font-black u","className=""w-full text-left px-2 py-1.5 hover:bg-primary/20 hover:text-primary text-[8px] font-black uppercase tracking-"
button,src/features/manifest-editor/components/inspector/LayersPanel.tsx,778,"<button onClick={() => { onSaveGroupAsBlueprint(contextMenu.nodeId); closeContextMenu(); }}\n              className=""w-full text-left px-2 py-1.5 hover:bg-primary/20 hover:text-primary text-[8px] fon","className=""w-full text-left px-2 py-1.5 hover:bg-primary/20 hover:text-primary text-[8px] font-black uppercase tracking-"
"input[type=""text""]",src/features/manifest-editor/components/inspector/LayersPanel.tsx,496,"<input\n            type=""text""\n            placeholder=""Search layers...""\n            value={searchTerm}\n            onChange={(e) => setSearchTerm(e.target.value)}","<div className=""p-2 border-b wb-outline flex flex-col gap-1.5 wb-surface-subtle shrink-0""> <div className=""relative flex"
"input[type=""text""]",src/features/manifest-editor/components/inspector/LayersPanel.tsx,552,"<input type=""text"" placeholder=""Property → bind, value, min, max...""\n            value={propertySearchTerm} onChange={(e) => setPropertySearchTerm(e.target.value)}","<div className=""relative flex items-center""> <Search className=""absolute left-2 w-3 h-3 wb-text-muted opacity-30"" />"
button,src/features/manifest-editor/components/inspector/ManifestDiffViewer.tsx,70,"<button\n            onClick={() => onApplyAll(diff.entries)}\n            className=""flex items-center gap-2 px-3 py-1.5 rounded-xs bg-primary/20 border border-primary/40 hover:bg-primary/30 transiti",</div> {onApplyAll && (
button,src/features/manifest-editor/components/inspector/ModulationItem.tsx,72,"<button \n             onClick={(e) => { e.stopPropagation(); onRemove(mod.id); }} \n             className=""text-slate-400 dark:text-foreground/10 hover:text-red-500 transition-colors p-1.5 bg-slate-","<span className=""text-[6px] font-black wb-text-muted uppercase"">Amount</span> <span className=""text-[10px] font-mono fon"
"input[type=""range""]",src/features/manifest-editor/components/inspector/ModulationItem.tsx,91,"<input \n                 type=""range"" min=""0"" max=""1"" step=""0.01""\n                 value={mod.amount ?? 1.0}\n                 onClick={(e) => e.stopPropagation()}","<label className=""text-[7px] font-black uppercase wb-text-muted"">Modulation Depth</label> <span className=""text-[8px] fo"
button,src/features/manifest-editor/components/inspector/primitives/DisplayProperties.tsx,52,<button\n              key={t.id}\n              onClick={() => updateVariant(t.id)}\n              className={`w-full p-3 border rounded-xs transition-all flex flex-col items-start gap-1 group relati,"</label> <div className=""space-y-2""> {tech.map((t) => ("
"input[type=""range""]",src/features/manifest-editor/components/inspector/primitives/DisplayProperties.tsx,80,"<input \n             type=""range"" \n             min=""0"" \n             max=""6"" \n             value={precision}\n             onChange={(e) => updatePrecision(parseInt(e.target.value))}","<span>Visual UI Precision</span> </label> <div className=""flex items-center gap-4 bg-black/40 border border-outline/10 p"
"input[type=""number""]",src/features/manifest-editor/components/inspector/primitives/IllustrationProperties.tsx,44,"<input \n                    type=""number"" value={size.width} \n                    onChange={(e) => onUpdate({ presentation: { ...pres, size: { ...size, width: Number(e.target.value) } } } as Partial","<div className=""grid grid-cols-2 gap-3""> <div className=""space-y-1""> <span className=""text-[7px] font-bold opacity-50 up"
"input[type=""number""]",src/features/manifest-editor/components/inspector/primitives/IllustrationProperties.tsx,52,"<input \n                    type=""number"" value={size.height} \n                    onChange={(e) => onUpdate({ presentation: { ...pres, size: { ...size, height: Number(e.target.value) } } } as Parti","</div> <div className=""space-y-1""> <span className=""text-[7px] font-bold opacity-50 uppercase"">Height (px)</span>"
button,src/features/manifest-editor/components/inspector/primitives/KnobProperties.tsx,54,"<button\n                key={s.id}\n                onClick={() => updateStyle(s.id, s.aesthetics)}\n                className={`group py-2.5 px-4 rounded-xs border text-[10px] font-black uppercase t","<div className=""grid grid-cols-1 gap-1.5""> {/* eslint-disable-next-line @typescript-eslint/no-explicit-any */} {knobStyl"
button,src/features/manifest-editor/components/inspector/primitives/PortProperties.tsx,56,"<button\n                key={s.id}\n                onClick={() => updateStyle(s.id, s.aesthetics)}\n                className={`group py-2.5 px-4 rounded-xs border text-[10px] font-black uppercase t","{portStyles.length > 0 ? ( <div className=""grid grid-cols-1 gap-1.5""> {portStyles.map(s => ("
button,src/features/manifest-editor/components/inspector/primitives/SelectProperties.tsx,59,"<button\n              key={id}\n              onClick={() => applyPreset(id)}\n              className=""flex items-center gap-3 p-2 bg-black/40 border border-outline/10 rounded-xs hover:border-primar","</label> <div className=""grid grid-cols-2 gap-2""> {Object.entries(INDUSTRIAL_PRESETS).map(([id, p]) => ("
button,src/features/manifest-editor/components/inspector/primitives/SelectProperties.tsx,86,"<button \n            onClick={addOption}\n            className=""flex items-center gap-1.5 px-2 py-1 bg-primary/10 border border-primary/20 rounded-xs text-primary hover:bg-primary/20 transition-all""","<List className=""w-3 h-3 text-primary"" /> <span>Custom Option Registry</span> </label>"
button,src/features/manifest-editor/components/inspector/primitives/SelectProperties.tsx,126,"<button \n                onClick={() => updateOptions(options.filter((_: SelectOption, i: number) => i !== idx))}\n                className=""p-2 text-foreground/20 hover:text-red-400 hover:bg-red-50",/> </div> </div>
"input[type=""text""]",src/features/manifest-editor/components/inspector/primitives/SelectProperties.tsx,101,"<input \n                     type=""text"" \n                     value={opt.label}\n                     onChange={(e) => {","<div className=""flex-1 flex gap-px bg-black/40 border border-outline/10 rounded-xs overflow-hidden focus-within:border-p"
"input[type=""number""]",src/features/manifest-editor/components/inspector/primitives/SelectProperties.tsx,114,"<input \n                     type=""number"" \n                     value={opt.value}\n                     onChange={(e) => {","</div> <div className=""flex items-center gap-1.5 px-2 w-24""> <Hash className=""w-2.5 h-2.5 text-foreground/20"" />"
button,src/features/manifest-editor/components/inspector/primitives/SliderProperties.tsx,90,"<button\n              key={c.id}\n              onClick={() => updateVariant(size, c.id)}\n              className={`p-2 border rounded-xs transition-all flex flex-col items-center gap-2 ${\n        ","</label> <div className=""grid grid-cols-4 gap-2""> {caps.map((c) => ("
button,src/features/manifest-editor/components/inspector/primitives/SwitchProperties.tsx,67,"<button\n              key={s.id}\n              onClick={() => updateVariant(s.id, color)}\n              className={`w-full p-3 border rounded-xs transition-all flex flex-col items-start gap-1 gr","</label> <div className=""space-y-2""> {styles.map((s) => ("
button,src/features/manifest-editor/components/inspector/primitives/SwitchProperties.tsx,96,"<button\n              key={c.id}\n              onClick={() => updateVariant(style, c.id)}\n              className={`p-2 border rounded-xs transition-all flex items-center gap-2 ${\n            ","</label> <div className=""grid grid-cols-2 gap-2""> {colors.map((c) => ("
button,src/features/manifest-editor/components/inspector/PropertyPanel.tsx,375,<button\n                  onClick={toggleSimulation}\n                  className={`flex items-center gap-1.5 px-3 py-1.5 rounded-xs text-[8px] font-bold uppercase transition-all duration-300 ${isP,"<div className=""text-[9px] font-black uppercase tracking-wider text-white"">Client LFO Simulation</div> <div className=""t"
button,src/features/manifest-editor/components/inspector/sections/AestheticSection.tsx,124,<button \n                  onClick={() => setShowSource(!showSource)}\n                  className={`flex items-center gap-1.5 px-2 py-1 rounded-xs border transition-all ${showSource ? 'bg-accent/20 ,"{elementDef?.description || 'Unregistered UI primitive. Specialized governance may be limited.'} </p> <div className=""fl"
button,src/features/manifest-editor/components/inspector/sections/CustomSkinSection.tsx,80,<button\n              key={tab.id}\n              onClick={() => setLocalActiveTab(tab.id)}\n              className={`flex-1 flex items-center justify-center gap-2 py-3 px-2 transition-all duration-,"{!forceTab && ( <div className=""flex border-b wb-outline bg-black/20 rounded-t-xs overflow-hidden""> {tabs.map(tab => ("
button,src/features/manifest-editor/components/inspector/sections/CustomSkinSection.tsx,138,"<button \n                               key={style.id}\n                               onClick={() => {\n                                 const newTabStyles = { ...tabStyles, MAIN: style.id };\n     ",const bgUrl = resolveAsset(bgAsset); return (
button,src/features/manifest-editor/components/inspector/sections/identity/EntityIdentity.tsx,166,"<button\n          onClick={() => exportSelectedAsBlueprint(entity.id)}\n          className=""mt-3 w-full flex items-center justify-center gap-2 bg-primary/10 border border-primary/20 text-primary h",</div> {exportSelectedAsBlueprint && 'kind' in entity && (
button,src/features/manifest-editor/components/inspector/sections/identity/ModulePlaneSelector.tsx,42,"<button\n            key={plane.id}\n            onClick={() => {\n              onUpdate({\n                ui: {\n                  ...manifest.ui,\n                  layout: {\n                    ","{/* Tab bar — theme-safe background */} <div className=""grid grid-cols-4 wb-surface-strong border wb-outline rounded-xs "
button,src/features/manifest-editor/components/inspector/sections/identity/ModuleSkinSelector.tsx,36,"<button\n            key={theme.id}\n            onClick={() => {\n              onUpdate({ \n                ui: { \n                  ...ui, \n                  skin: theme.ui.skin,\n               ","</p> <div className=""grid grid-cols-4 wb-surface-strong border wb-outline rounded-xs overflow-hidden""> {OMEGA_THEMES.map"
button,src/features/manifest-editor/components/inspector/sections/LayoutGovernanceSection.tsx,44,"<button\n              key={m.id}\n              onClick={() => onUpdate({ layout: { ...node.layout, pos: node.layout?.pos || { x: 0, y: 0 }, mode: m.id } })}\n              className={`flex flex-col ","<div className=""space-y-4 pt-2""> <div className=""grid grid-cols-3 gap-1 bg-black/20 p-1 rounded-xs border border-outline"
button,src/features/manifest-editor/components/inspector/sections/ModuleArchitectureSection.tsx,288,<button\n            key={tab.id}\n            onClick={() => setActiveSubTab(tab.id)}\n            className={`flex-1 py-1.5 flex flex-col items-center gap-1 rounded-xs transition-all ${\n       ,"{/* SUB-NAVIGATION */} <div className=""flex gap-1 mb-6 bg-black/20 p-1 rounded-xs border wb-outline shrink-0""> {subTabs."
"input[type=""number""]",src/features/manifest-editor/components/inspector/sections/ModuleArchitectureSection.tsx,229,"<input \n                  type=""number"" \n                  value={manifest.ui?.layout?.grid?.spacingX || 24}\n                  onChange={(e) => {","<div className=""flex gap-4 pt-1 border-t border-emerald-500/10 items-center""> <div className=""flex items-center gap-1.5 "
"input[type=""number""]",src/features/manifest-editor/components/inspector/sections/ModuleArchitectureSection.tsx,256,"<input \n                  type=""number"" \n                  value={manifest.ui?.layout?.grid?.spacingY || 24}\n                  onChange={(e) => {","</div> <div className=""flex items-center gap-1.5 text-[8px] font-medium text-white/70""> <span>Y:</span>"
button,src/features/manifest-editor/components/inspector/sections/ResourceSection.tsx,89,"<button \n          onClick={() => onRemove?.(res.name)}\n          className=""p-1.5 hover:bg-red-500/10 rounded-xs text-foreground/20 hover:text-red-500 transition-all""\n        >\n          <Trash2 ","<span className=""text-[6px] font-black uppercase text-accent"">Active Skin</span> </div> )}"
button,src/features/manifest-editor/components/inspector/sections/ResourceSection.tsx,135,"<button \n                   onClick={() => setCurrentPath(null)}\n                   className=""p-1.5 bg-accent/5 border border-accent/20 rounded-xs transition-all hover:bg-accent/10 flex items-cente","<div className=""flex items-center justify-between mb-4 px-1""> <div className=""flex items-center gap-2""> {currentPath && "
button,src/features/manifest-editor/components/inspector/sections/ResourceSection.tsx,174,"<button\n                    key={folderName}\n                    onClick={() => setCurrentPath(folderName)}\n                    className=""p-3 bg-black/40 border wb-outline rounded-sm hover:border-",<> {/* INDUSTRIAL FOLDERS */} {!currentPath && Array.from(folders.keys()).filter(k => k !== 'root').map(folderName => (
"input[type=""text""]",src/features/manifest-editor/components/inspector/sections/SpatialSection.tsx,133,"<input \n                  type=""text"" \n                  value={localX} \n                  onFocus={() => setFocusedAxis('x')}",<label className={`text-[8px] uppercase font-bold tracking-tighter flex items-center gap-1 transition-colors ${isHighlig
"input[type=""text""]",src/features/manifest-editor/components/inspector/sections/SpatialSection.tsx,147,"<input \n                  type=""text"" \n                  value={localY} \n                  onFocus={() => setFocusedAxis('y')}",<label className={`text-[8px] uppercase font-bold tracking-tighter flex items-center gap-1 transition-colors ${isHighlig
"input[type=""checkbox""]",src/features/manifest-editor/components/inspector/sections/SpatialSection.tsx,190,"<input \n                type=""checkbox"" \n                checked={localClamp}\n                onChange={(e) => {","<div className=""space-y-4 pt-2""> <div className=""flex items-center justify-between p-2 bg-black/20 rounded-xs border bor"
"input[type=""number""]",src/features/manifest-editor/components/inspector/sections/SpatialSection.tsx,206,"<input \n                type=""number"" \n                value={localMargin}\n                onChange={(e) => setLocalMargin(e.target.value)}","<label className=""text-[8px] uppercase font-bold text-foreground/60 tracking-tighter ml-1""> Containment Margin (px) </la"
button,src/features/manifest-editor/components/inspector/shared/aesthetic/FittingGovernance.tsx,40,<button\n              key={opt.id}\n              onClick={() => onChange(opt.id as NonNullable<OmegaStyleNode['fitting']>)}\n              className={`\n                flex flex-col items-center ju,const isActive = value === opt.id || (!value && opt.id === 'stretch'); return (
"input[type=""number""]",src/features/manifest-editor/components/inspector/shared/aesthetic/LabelGovernance.tsx,39,"<input \n              type=""number""\n              value={values.labelX || 0}\n              onChange={(e) => onChange({ labelX: parseInt(e.target.value) })}","<label className=""text-[6px] font-black uppercase wb-text-muted tracking-widest ml-1 flex items-center gap-1""> <Move cla"
"input[type=""number""]",src/features/manifest-editor/components/inspector/shared/aesthetic/LabelGovernance.tsx,51,"<input \n              type=""number""\n              value={values.labelY || 0}\n              onChange={(e) => onChange({ labelY: parseInt(e.target.value) })}","<label className=""text-[6px] font-black uppercase wb-text-muted tracking-widest ml-1 flex items-center gap-1""> <Move cla"
"input[type=""number""]",src/features/manifest-editor/components/inspector/shared/aesthetic/LabelGovernance.tsx,67,"<input \n              type=""number""\n              value={values.labelWidth || 0}\n              onChange={(e) => onChange({ labelWidth: parseInt(e.target.value) })}","<label className=""text-[6px] font-black uppercase wb-text-muted tracking-widest ml-1 flex items-center gap-1""> <Maximize"
"input[type=""number""]",src/features/manifest-editor/components/inspector/shared/aesthetic/LabelGovernance.tsx,80,"<input \n              type=""number""\n              value={values.labelHeight || 0}\n              onChange={(e) => onChange({ labelHeight: parseInt(e.target.value) })}","<label className=""text-[6px] font-black uppercase wb-text-muted tracking-widest ml-1 flex items-center gap-1""> <Maximize"
"input[type=""number""]",src/features/manifest-editor/components/inspector/shared/aesthetic/LabelGovernance.tsx,109,"<input \n              type=""number"" min=""0"" max=""40""\n              value={values.labelRounding || 0}\n              onChange={(e) => onChange({ labelRounding: parseInt(e.target.value) })}","<label className=""text-[6px] font-black uppercase wb-text-muted tracking-widest ml-1 flex items-center gap-1""> <Box clas"
"input[type=""number""]",src/features/manifest-editor/components/inspector/shared/aesthetic/LabelGovernance.tsx,121,"<input \n              type=""number"" min=""0"" max=""40""\n              value={values.labelPadding || 4}\n              onChange={(e) => onChange({ labelPadding: parseInt(e.target.value) })}","<label className=""text-[6px] font-black uppercase wb-text-muted tracking-widest ml-1 flex items-center gap-1""> <Box clas"
"input[type=""range""]",src/features/manifest-editor/components/inspector/shared/aesthetic/MechanicalGovernance.tsx,108,"<input \n                type=""range"" min=""0"" max=""100"" step=""1""\n                value={values.rounding ?? 0}\n                onChange={(e) => onChange({ rounding: parseInt(e.target.value) })}",</div> {!values.useSpecificRounding ? (
"input[type=""range""]",src/features/manifest-editor/components/inspector/shared/aesthetic/MechanicalGovernance.tsx,128,"<input \n                        type=""range"" min=""0"" max=""100"" step=""1""\n                        value={(values[corner.key] as number) ?? values.rounding ?? 0}\n                        onChange={(e) ","<span className=""text-[5px] font-black uppercase wb-text-muted italic"">{corner.label}</span> <span className=""text-[6px]"
"input[type=""range""]",src/features/manifest-editor/components/inspector/shared/aesthetic/MechanicalGovernance.tsx,151,"<input \n              type=""range"" min=""0"" max=""10"" step=""1""\n              value={values.borderWidth ?? 0}\n              onChange={(e) => onChange({ borderWidth: parseInt(e.target.value) })}","</label> <span className=""text-[7px] font-mono text-accent"">{values.borderWidth || 0}px</span> </div>"
"input[type=""range""]",src/features/manifest-editor/components/inspector/shared/aesthetic/MechanicalGovernance.tsx,170,"<input \n              type=""range"" min=""1"" max=""20"" step=""1""\n              value={values.thickness ?? 1}\n              onChange={(e) => onChange({ thickness: parseInt(e.target.value) })}","</label> <span className=""text-[7px] font-mono text-accent"">{values.thickness || 1}px</span> </div>"
"input[type=""range""]",src/features/manifest-editor/components/inspector/shared/aesthetic/MechanicalGovernance.tsx,189,"<input \n              type=""range"" min=""0"" max=""2"" step=""0.1""\n              value={values.height ?? 1.0}\n              onChange={(e) => onChange({ height: parseFloat(e.target.value) })}","</label> <span className=""text-[7px] font-mono text-accent"">{(values.height || 1.0).toFixed(1)}x</span> </div>"
"input[type=""range""]",src/features/manifest-editor/components/inspector/shared/aesthetic/MechanicalGovernance.tsx,210,"<input \n              type=""range"" min=""0"" max=""24"" step=""1""\n              value={values.blur ?? 0}\n              onChange={(e) => onChange({ blur: parseInt(e.target.value) })}","</label> <span className=""text-[7px] font-mono text-accent"">{(values.blur || 0)}px</span> </div>"
"input[type=""range""]",src/features/manifest-editor/components/inspector/shared/aesthetic/MechanicalGovernance.tsx,229,"<input \n              type=""range"" min=""1"" max=""50"" step=""1""\n              value={values.zIndex ?? 1}\n              onChange={(e) => onChange({ zIndex: parseInt(e.target.value) })}","</label> <span className=""text-[7px] font-mono text-accent"">L{(values.zIndex || 1)}</span> </div>"
"input[type=""range""]",src/features/manifest-editor/components/inspector/shared/aesthetic/MechanicalGovernance.tsx,248,"<input \n              type=""range"" min=""0"" max=""40"" step=""1""\n              value={values.padding ?? 0}\n              onChange={(e) => onChange({ padding: parseInt(e.target.value) })}","</label> <span className=""text-[7px] font-mono text-accent"">{values.padding || 0}px</span> </div>"
"input[type=""range""]",src/features/manifest-editor/components/inspector/shared/aesthetic/MechanicalGovernance.tsx,267,"<input \n              type=""range"" min=""1"" max=""10"" step=""1""\n              value={values.tiling ?? 1}\n              onChange={(e) => onChange({ tiling: parseInt(e.target.value) })}","</label> <span className=""text-[7px] font-mono text-accent"">{values.tiling || 1}x</span> </div>"
"input[type=""text""]",src/features/manifest-editor/components/inspector/shared/aesthetic/MechanicalGovernance.tsx,286,"<input \n            type=""text""\n            value={values.texture || ''}\n            onChange={(e) => onChange({ texture: e.target.value })}",Surface Texture </label> </div>
button,src/features/manifest-editor/components/inspector/shared/aesthetic/SequenceAnatomyInspector.tsx,35,<button \n            onClick={() => setIsUnlocked(!isUnlocked)}\n            className={`px-2 py-0.5 rounded flex items-center gap-1.5 transition-all ${isUnlocked ? 'bg-red-500/20 text-red-400 border,"{/* PROTECTION TOGGLE (Only for official) */} {isOfficial && ( <div className=""flex justify-end"">"
button,src/features/manifest-editor/components/inspector/shared/aesthetic/SequenceAnatomyInspector.tsx,46,"<button \n          onClick={() => setIsExpanded(!isExpanded)}\n          className=""w-full px-3 py-2 bg-white/5 flex items-center justify-between hover:bg-white/10 transition-colors""\n        >\n    ",")} <div className=""border border-white/5 rounded bg-black/20 overflow-hidden"">"
"input[type=""range""]",src/features/manifest-editor/components/inspector/shared/aesthetic/SequenceAnatomyInspector.tsx,65,"<input \n                type=""range"" min=""1"" max=""256"" step=""1""\n                value={values.frames || 1}\n                disabled={!canEditAnatomy}\n                onChange={(e) => onChange({ fr","<label className=""text-[8px] font-black uppercase text-white/40"">Total Frames</label> <span className=""text-[10px] font-"
"input[type=""range""]",src/features/manifest-editor/components/inspector/shared/aesthetic/SequenceAnatomyInspector.tsx,184,"<input \n              type=""range"" min=""0"" max=""100"" step=""1""\n              value={(values.testValue ?? 0.75) * 100}\n              onChange={(e) => onChange({ testValue: parseInt(e.target.value) / ","</label> <span className=""text-[10px] font-mono text-accent"">{Math.round((values.testValue ?? 0.75) * 100)}%</span> </di"
button,src/features/manifest-editor/components/inspector/shared/aesthetic/SequenceGovernance.tsx,38,<button \n            onClick={() => setIsUnlocked(!isUnlocked)}\n            className={`px-2 py-0.5 rounded flex items-center gap-1.5 transition-all ${isUnlocked ? 'bg-red-500/20 text-red-400 border,"<h3 className=""text-[10px] font-black uppercase tracking-widest text-white"">Sequence Governance</h3> </div> {isOfficial "
button,src/features/manifest-editor/components/inspector/shared/aesthetic/SequenceGovernance.tsx,50,"<button \n          onClick={() => setIsExpanded(!isExpanded)}\n          className=""w-full px-3 py-2 bg-white/5 flex items-center justify-between hover:bg-white/10 transition-colors""\n        >\n    ","{/* ANATOMY SECTION (COLLAPSIBLE) */} <div className=""border border-white/5 rounded bg-black/20 overflow-hidden"">"
"input[type=""range""]",src/features/manifest-editor/components/inspector/shared/aesthetic/SequenceGovernance.tsx,69,"<input \n                type=""range"" min=""1"" max=""256"" step=""1""\n                value={values.frames || 1}\n                disabled={!canEditAnatomy}\n                onChange={(e) => onChange({ fr","<label className=""text-[8px] font-black uppercase text-white/40"">Total Frames</label> <span className=""text-[10px] font-"
"input[type=""range""]",src/features/manifest-editor/components/inspector/shared/aesthetic/SequenceGovernance.tsx,108,"<input \n                type=""range"" min=""8"" max=""256"" step=""1""\n                value={values.frameWidth || 48}\n                disabled={!canEditAnatomy}\n                onChange={(e) => onChange","</label> <span className=""text-[10px] font-mono text-accent"">{values.frameWidth || 48}px</span> </div>"
"input[type=""range""]",src/features/manifest-editor/components/inspector/shared/aesthetic/SequenceGovernance.tsx,126,"<input \n                type=""range"" min=""8"" max=""256"" step=""1""\n                value={values.frameHeight || 48}\n                disabled={!canEditAnatomy}\n                onChange={(e) => onChang","</label> <span className=""text-[10px] font-mono text-accent"">{values.frameHeight || 48}px</span> </div>"
"input[type=""range""]",src/features/manifest-editor/components/inspector/shared/aesthetic/SequenceGovernance.tsx,202,"<input \n            type=""range"" min=""0"" max=""64"" step=""1""\n            value={values.padding || 0}\n            onChange={(e) => onChange({ padding: parseInt(e.target.value) })}","</label> <span className=""text-[10px] font-mono text-accent"">{values.padding || 0}px</span> </div>"
"input[type=""range""]",src/features/manifest-editor/components/inspector/shared/aesthetic/SequenceGovernance.tsx,223,"<input \n            type=""range"" min=""25"" max=""400"" step=""5""\n            value={Math.round(((values.width || values.frameWidth || 48) / (values.frameWidth || 48)) * 100)}\n            onChange={(e) ",{Math.round(((values.width || values.frameWidth || 48) / (values.frameWidth || 48)) * 100)}% </span> </div>
"input[type=""range""]",src/features/manifest-editor/components/inspector/shared/aesthetic/SequenceGovernance.tsx,246,"<input \n              type=""range"" min=""8"" max=""512"" step=""1""\n              value={values.width || values.frameWidth || 48}\n              onChange={(e) => onChange({ width: parseInt(e.target.value)","<label className=""text-[8px] font-black uppercase text-white/40"">Render Width</label> <span className=""text-[10px] font-"
"input[type=""range""]",src/features/manifest-editor/components/inspector/shared/aesthetic/SequenceGovernance.tsx,259,"<input \n              type=""range"" min=""8"" max=""512"" step=""1""\n              value={values.height || values.frameHeight || 48}\n              onChange={(e) => onChange({ height: parseInt(e.target.val","<label className=""text-[8px] font-black uppercase text-white/40"">Render Height</label> <span className=""text-[10px] font"
"input[type=""range""]",src/features/manifest-editor/components/inspector/shared/aesthetic/SequenceGovernance.tsx,284,"<input \n               type=""range"" min=""0"" max=""100"" step=""1""\n               value={(values.testValue ?? 0.75) * 100}\n               onChange={(e) => onChange({ testValue: parseInt(e.target.value)","<label className=""text-[8px] font-black uppercase text-accent"">Validation Scrub</label> <span className=""text-[10px] fon"
button,src/features/manifest-editor/components/inspector/shared/aesthetic/SequenceIngestionLab.tsx,188,"<button \n                  onClick={handleStitch}\n                  disabled={isProcessing || orderedFiles.length === 0}\n                  className=""w-full py-4 bg-accent text-black font-black upp",</p> </div>
"input[type=""range""]",src/features/manifest-editor/components/inspector/shared/aesthetic/SpatialGovernance.tsx,49,"<input \n                  type=""range"" min=""4"" max=""256"" step=""1""\n                  value={values.width || 48}\n                  onChange={(e) => onChange({ width: parseInt(e.target.value) })}","<div className=""flex justify-between""> <span className=""text-[5px] font-black uppercase wb-text-muted italic"">Width</spa"
"input[type=""range""]",src/features/manifest-editor/components/inspector/shared/aesthetic/SpatialGovernance.tsx,61,"<input \n                  type=""range"" min=""4"" max=""256"" step=""1""\n                  value={values.height || 48}\n                  onChange={(e) => onChange({ height: parseInt(e.target.value) })}","<div className=""flex justify-between""> <span className=""text-[5px] font-black uppercase wb-text-muted italic"">Height</sp"
"input[type=""range""]",src/features/manifest-editor/components/inspector/shared/aesthetic/SpatialGovernance.tsx,91,"<input \n                  type=""range"" min=""-100"" max=""100"" step=""1""\n                  value={values.offsetX || 0}\n                  onChange={(e) => onChange({ offsetX: parseInt(e.target.value) })","<div className=""flex justify-between""> <span className=""text-[5px] font-black uppercase wb-text-muted italic"">Offset X</"
"input[type=""range""]",src/features/manifest-editor/components/inspector/shared/aesthetic/SpatialGovernance.tsx,103,"<input \n                  type=""range"" min=""-100"" max=""100"" step=""1""\n                  value={values.offsetY || 0}\n                  onChange={(e) => onChange({ offsetY: parseInt(e.target.value) })","<div className=""flex justify-between""> <span className=""text-[5px] font-black uppercase wb-text-muted italic"">Offset Y</"
"input[type=""range""]",src/features/manifest-editor/components/inspector/shared/aesthetic/SpatialGovernance.tsx,125,"<input \n              type=""range"" min=""1"" max=""50"" step=""1""\n              value={values.zIndex || 1}\n              onChange={(e) => onChange({ zIndex: parseInt(e.target.value) })}","</label> <span className=""text-[7px] font-mono text-accent"">L{(values.zIndex || 1)}</span> </div>"
button,src/features/manifest-editor/components/inspector/shared/aesthetic/TypographyGovernance.tsx,79,<button \n                    key={align.id}\n                    onClick={() => onChange({ alignment: align.id as NonNullable<OmegaStyleNode['alignment']> })}\n                    className={`flex-1 ,"{ id: 'center', icon: AlignCenter }, { id: 'right', icon: AlignRight } ].map(align => ("
button,src/features/manifest-editor/components/inspector/shared/aesthetic/UnifiedGraphicGovernance.tsx,67,<button\n                    key={mode}\n                    onClick={() => setGraphicMode(mode)}\n                    className={`flex-1 rounded flex items-center justify-center gap-1.5 transition-al,"<label className=""text-[7px] font-black uppercase text-white/20 tracking-widest block"">Asset Nature</label> <div classNa"
"input[type=""range""]",src/features/manifest-editor/components/inspector/shared/aesthetic/UnifiedGraphicGovernance.tsx,177,"<input \n                type=""range"" min=""25"" max=""400"" step=""5""\n                value={Math.round(((values.width || values.frameWidth || 48) / (values.frameWidth || 48)) * 100)}\n                on",{Math.round(((values.width || values.frameWidth || 48) / (values.frameWidth || 48)) * 100)}% </span> </div>
"input[type=""range""]",src/features/manifest-editor/components/inspector/shared/aesthetic/UnifiedGraphicGovernance.tsx,199,"<input \n                type=""range"" min=""-100"" max=""100"" step=""1""\n                value={values.offsetX || 0}\n                onChange={(e) => onChange({ offsetX: parseInt(e.target.value) })}","<label className=""text-[8px] font-black uppercase text-white/40 flex items-center gap-1""> <Move className=""w-2 h-2"" /> X"
"input[type=""range""]",src/features/manifest-editor/components/inspector/shared/aesthetic/UnifiedGraphicGovernance.tsx,211,"<input \n                type=""range"" min=""-100"" max=""100"" step=""1""\n                value={values.offsetY || 0}\n                onChange={(e) => onChange({ offsetY: parseInt(e.target.value) })}","<label className=""text-[8px] font-black uppercase text-white/40 flex items-center gap-1""> <Move className=""w-2 h-2 rotat"
button,src/features/manifest-editor/components/inspector/shared/AssetSelector.tsx,174,"<button \n                onClick={() => onSelect(undefined)}\n                className=""flex items-center gap-1 px-1.5 py-0.5 bg-red-500/10 border border-red-500/20 rounded-[2px] text-[6px] font-b",</div> {selectedAssetId && (
button,src/features/manifest-editor/components/inspector/shared/AssetSelector.tsx,187,<button\n               onClick={() => {\n                 const parts = currentPath?.split('/') || [];\n                 parts.pop();\n                 setCurrentPath(parts.length > 0 ? parts.joi,"<div className=""wb-surface-strong border wb-outline rounded-xs p-3 min-h-[240px] max-h-[320px] overflow-y-auto industria"
button,src/features/manifest-editor/components/inspector/shared/AssetSelector.tsx,201,"<button\n               onClick={() => setCurrentPath('lib:sequences')}\n               className=""p-2 rounded-xs border wb-outline bg-black/40 flex flex-col gap-2 items-center justify-center hover:",)} {!currentPath && (
button,src/features/manifest-editor/components/inspector/shared/AssetSelector.tsx,211,"<button\n            key={folderName}\n            onClick={() => {\n              setCurrentPath(folderName);\n            }}\n            className=""p-2 rounded-xs border wb-outline bg-black/40",)} {!currentPath && Array.from(folders.keys()).filter(k => k !== 'root' && !k.startsWith('lib:')).map(folderName => (
button,src/features/manifest-editor/components/inspector/shared/AssetSelector.tsx,229,"<button\n                    key={item.id}\n                    onClick={() => setCurrentPath(item.path || null)}\n                    className=""p-2 rounded-xs border wb-outline bg-black/40 flex f",.map((item: AssetSelectionMetadata) => { if (item.isFolder) { return (
button,src/features/manifest-editor/components/inspector/shared/AssetSelector.tsx,242,"<button\n                  key={item.id}\n                  onClick={() => handleLibrarySelect(item)}\n                  className=""p-2 rounded-xs border wb-outline bg-black/40 flex flex-col gap-1 ",const isSequence = (item.frames as number) > 1 || currentPath.includes('sequences'); return (
button,src/features/manifest-editor/components/inspector/shared/AssetSelector.tsx,285,<button\n              key={asset.id}\n              onClick={() => onSelect(asset.id)}\n              className={`\n                  p-2 rounded-xs border flex flex-col gap-1 items-center transi,}) ) : currentPath ? ( folders.get(currentPath)?.map((asset: AssetSelectionMetadata) => (
"input[type=""file""]",src/features/manifest-editor/components/inspector/shared/AssetSelector.tsx,371,"<input \n        type=""file"" \n        ref={fileInputRef} \n        style={{ display: 'none' }} \n        onChange={(e) => {",)} {/* Hidden upload bridge for library ingestion */}
"input[type=""color""]",src/features/manifest-editor/components/inspector/shared/ColorTokenInput.tsx,43,"<input \n            type=""color"" \n            value={previewColor} \n            onChange={(e) => onChange(e.target.value)}","</label> <div className=""flex gap-2""> <div className=""relative group"">"
"input[type=""text""]",src/features/manifest-editor/components/inspector/shared/ColorTokenInput.tsx,56,"<input \n          type=""text"" \n          value={value} \n          placeholder={placeholder}\n          onChange={(e) => onChange(e.target.value)}",</div> )} </div>
button,src/features/manifest-editor/components/inspector/shared/IndustrialButton.tsx,56,<button \n      onClick={onClick}\n      className={`${baseStyles} ${variantStyles[variant]} ${sizeStyles[size]} ${className}`}\n      title={title}\n    >\n      {label && <span className={size === ',}; return (
button,src/features/manifest-editor/components/inspector/shared/InspectorCollapsible.tsx,75,"<button \n               onClick={(e) => {\n                 e.stopPropagation();\n                 onHelp(title);\n               }} \n               className=""hover:text-primary transition-colors p","<div className=""flex items-center gap-1""> {actions} {onHelp && ("
button,src/features/manifest-editor/components/inspector/shared/SmartColorPicker.tsx,125,<button\n                  key={sys.id}\n                  onClick={() => onChange(sys.id)}\n                  className={`group relative p-1.5 border rounded-xs transition-all flex flex-col items-cen,"<div className=""grid grid-cols-5 sm:grid-cols-8 gap-1""> {/* SYSTEM COLORS FIRST (WHITE/BLACK) */} {SYSTEM_COLORS.map(sys"
button,src/features/manifest-editor/components/inspector/shared/SmartColorPicker.tsx,140,<button\n                  key={token}\n                  onClick={() => onChange(token)}\n                  className={`group relative p-1.5 border rounded-xs transition-all flex flex-col items-cente,"{/* DNA TOKENS */} {Object.entries(DNA_MAP).map(([token, info]: [string, DNAToken]) => ("
"input[type=""range""]",src/features/manifest-editor/components/inspector/shared/SmartColorPicker.tsx,175,"<input \n                    type=""range"" min=""0"" max=""1"" step=""0.01"" value={currentAlpha}\n                    onChange={(e) => handleAlphaChange(parseFloat(e.target.value))}","<span className=""text-[5px] font-black uppercase wb-text-muted italic"">Alpha Channel</span> <span className=""text-[6px] "
"input[type=""number""]",src/features/manifest-editor/components/inspector/shared/SmartColorPicker.tsx,183,"<input \n                    type=""number"" min=""0"" max=""100"" value={Math.round(currentAlpha * 100)}\n                    onChange={(e) => {","/> </div> <div className=""w-12"">"
"input[type=""color""]",src/features/manifest-editor/components/inspector/shared/SmartColorPicker.tsx,198,"<input \n                  type=""color"" value={resolvePreview(value)}\n                  onChange={(e) => onChange(applyAlpha(e.target.value, currentAlpha))}","{/* CUSTOM OVERRIDE */} <div className=""flex gap-2 items-center pt-1 border-t border-outline/5""> <div className=""relativ"
"input[type=""text""]",src/features/manifest-editor/components/inspector/shared/SmartColorPicker.tsx,206,"<input \n                  type=""text"" value={value || ''}\n                  onChange={(e) => onChange(e.target.value)}","/> </div> <div className=""flex-1 relative"">"
button,src/features/manifest-editor/components/inspector/shared/StyleEditorModal.tsx,152,"<button \n              onClick={onClose}\n              className=""w-8 h-8 flex items-center justify-center hover:bg-white/5 rounded-xs transition-colors group""\n            >\n              <X c",</div> </div>
button,src/features/manifest-editor/components/inspector/shared/StyleEditorModal.tsx,245,<button \n                                onClick={() => { setActiveFragment('host'); setActiveTab('properties'); }}\n                                className={`w-full flex items-center justify-bet,"<div className=""space-y-2""> {/* HOST FRAGMENT */}"
button,src/features/manifest-editor/components/inspector/shared/StyleEditorModal.tsx,262,<button \n                                onClick={() => { setActiveFragment('label'); setActiveTab('properties'); }}\n                                className={`w-full flex items-center justify-be,</button> {/* LABEL FRAGMENT */}
button,src/features/manifest-editor/components/inspector/shared/StyleEditorModal.tsx,311,"<button \n               onClick={() => onUpdate({})} \n               className=""flex items-center gap-2 px-4 py-2 text-[8px] font-black uppercase wb-text-muted hover:wb-text transition-colors""\n ","{/* FOOTER ACTIONS */} <div className=""px-6 py-4 border-t-2 wb-outline wb-surface-subtle flex items-center justify-betwe"
button,src/features/manifest-editor/components/inspector/shared/StyleEditorModal.tsx,319,"<button \n               onClick={onClose}\n               className=""flex items-center gap-2 px-8 py-2 bg-primary text-black text-[10px] font-black uppercase rounded-xs hover:bg-primary/80 transiti",Reset Defaults </button>
button,src/features/manifest-editor/components/inspector/shared/StyleLibraryLink.tsx,47,"<button \n            onClick={handleNavigate}\n            className=""flex items-center gap-2 px-3 py-1.5 bg-primary/10 border border-primary/20 rounded-xs text-[7px] font-black uppercase text-primar","<span className=""text-[5px] font-mono opacity-30"">{styleId}</span> </div>"
button,src/features/manifest-editor/components/lab/AssetBehaviorPresetSelector.tsx,42,<button\n            key={preset.id}\n            onClick={() => onChange(preset.id)}\n            className={`flex flex-col items-start p-3 rounded border transition-all text-left gap-2 ${\n         ,"<div className=""grid grid-cols-3 gap-2""> {PRESETS.map((preset) => ("
"input[type=""number""]",src/features/manifest-editor/components/lab/BehaviorMappingInspector.tsx,76,"<input \n              type=""number""\n              value={mapping.frameRange?.start ?? 0}\n              onChange={(e) => onChange({ frameRange: { start: parseInt(e.target.value), end: mapping.fra","<div className=""grid grid-cols-3 gap-4""> <div className=""space-y-1 relative group""> <span className=""text-[6px] font-bla"
"input[type=""number""]",src/features/manifest-editor/components/lab/BehaviorMappingInspector.tsx,88,"<input \n              type=""number""\n              value={mapping.frameRange?.end ?? 1}\n              onChange={(e) => onChange({ frameRange: { start: mapping.frameRange?.start ?? 0, end: parseIn","</div> <div className=""space-y-1 relative group""> <span className=""text-[6px] font-black uppercase opacity-30"">End Frame"
"input[type=""range""]",src/features/manifest-editor/components/lab/CellStudioPreviewStrip.tsx,53,"<input\n            type=""range"" min=""0"" max=""1"" step=""0.001""\n            value={testValue}\n            onChange={(e) => onScrub(parseFloat(e.target.value))}","<span className=""text-[7px] font-mono text-white/40"">{(testValue * 100).toFixed(1)}%</span> </div> </div>"
button,src/features/manifest-editor/components/lab/CellStudioToolbar.tsx,90,<button\n                key={step.id}\n                onClick={() => {\n                  if (i < 0 || i > 3) return;\n                  setCurrentStep(i as 0 | 1 | 2 | 3);\n                  setAct,"<div className=""flex items-center gap-2"" role=""navigation"" aria-label=""Cell creation workflow""> <div className=""flex ite"
button,src/features/manifest-editor/components/lab/CellStudioToolbar.tsx,152,<button\n              key={t.id}\n              onClick={() => { setActiveTab(t.id as 'fragments' | 'behavior' | 'recipes' | 'properties'); setIsCommandCenterOpen(false); }}\n              title={`Ta,"{ id: 'recipes', icon: Layers, label: 'Layers' }, { id: 'properties', icon: Settings2, label: 'Properties' } ].map(t => "
"input[type=""text""]",src/features/manifest-editor/components/lab/CellStudioToolbar.tsx,52,"<input\n          type=""text"" value={cellData.label || ''}\n          onChange={(e) => setCellData({ ...cellData, label: e.target.value })}","return ( <div className=""p-6 border-b wb-outline wb-surface-subtle flex items-center justify-between gap-8 shrink-0""> <d"
button,src/features/manifest-editor/components/lab/LayerRecipeEditor.tsx,114,"<button \n                onClick={() => updateLayer(layer.id, { visible: !layer.visible })}\n                title={layer.visible ? 'Hide layer' : 'Show layer'}\n                className={`p-1.5 ","{/* LAYER ICON / VISIBILITY */} <div className=""flex flex-col items-center gap-2"">"
button,src/features/manifest-editor/components/lab/LayerRecipeEditor.tsx,128,"<button \n                onClick={() => updateLayer(layer.id, { locked: !layer.locked })}\n                title={layer.locked ? 'Unlock layer' : 'Lock layer'}\n                className={`p-1.5 r","> <Target className=""w-3.5 h-3.5"" /> </button>"
"input[type=""text""]",src/features/manifest-editor/components/lab/LayerRecipeEditor.tsx,141,"<input \n                        type=""text""\n                        value={layer.name}\n                        onChange={(e) => updateLayer(layer.id, { name: e.target.value })}","<div className=""flex-1 space-y-2""> <div className=""flex items-center gap-4""> <div className=""flex items-center gap-2"">"
"input[type=""range""]",src/features/manifest-editor/components/lab/LayerRecipeEditor.tsx,182,"<input \n                    type=""range"" min=""0"" max=""1"" step=""0.01""\n                    value={layer.opacity ?? 1}\n                    onChange={(e) => updateLayer(layer.id, { opacity: parseFlo","<div className=""flex items-center gap-4""> <div className=""flex-1 flex items-center gap-2""> <span className=""text-[6px] f"
button,src/features/manifest-editor/components/layout/CommandPalette.tsx,369,<button\n      onClick={onClick}\n      onMouseEnter={onMouseEnter}\n      className={`w-full flex items-center gap-2.5 px-3 py-1.5 text-left transition-all ${\n        isHighlighted\n          ? 'bg-,onMouseEnter: () => void; }) { return (
"input[type=""text""]",src/features/manifest-editor/components/layout/CommandPalette.tsx,259,"<input\n            ref={inputRef}\n            type=""text""\n            value={query}\n            onChange={(e) => { setQuery(e.target.value); setHighlightedIndex(0); }}","{/* Search input */} <div className=""flex items-center gap-2 px-3 py-2 bg-[#0c0c0d] border border-white/15 rounded-t-xs "
button,src/features/manifest-editor/components/layout/MenuBar.tsx,368,<button\n        disabled={item.disabled}\n        onClick={() => {\n          if (!item.submenu) {\n            item.onClick();\n            closeMenu();\n          }\n        }}\n        cla,onMouseEnter={() => setShowSubmenu(true)} onMouseLeave={() => setShowSubmenu(false)} >
button,src/features/manifest-editor/components/layout/MenuBar.tsx,408,"<button\n                key={idx}\n                onClick={() => {\n                  sub.onClick();\n                  closeMenu();\n                }}\n                className=""w-full flex","> {/* eslint-disable-next-line @typescript-eslint/no-explicit-any */} {item.submenu.map((sub: any, idx: number) => ("
button,src/features/manifest-editor/components/layout/MultiTabHeader.tsx,162,<button\n                  onClick={(e) => {\n                    e.stopPropagation();\n                    onTabClose(tab.id);\n                  }}\n                  className={`\n                 ,"{tab.closable !== false && !tab.persistent && ( <div className=""relative w-3.5 h-3.5 flex items-center justify-center ml"
button,src/features/manifest-editor/components/layout/Toolbar.tsx,343,"<button\n                      onClick={() => {\n                        onAddEntity('jack', { type: 'port', label: 'Audio In' });\n                        setShowAddMenu(false);\n                ","<span>Audio</span> </div> <div className=""grid grid-cols-2 gap-1"">"
button,src/features/manifest-editor/components/layout/Toolbar.tsx,353,"<button\n                      onClick={() => {\n                        onAddEntity('jack', { type: 'port', label: 'Audio Out' });\n                        setShowAddMenu(false);\n               ",> In </button>
button,src/features/manifest-editor/components/layout/Toolbar.tsx,373,"<button\n                      onClick={() => {\n                        onAddEntity('jack', { type: 'port', label: 'CV In' });\n                        setShowAddMenu(false);\n                   ","<span>CV</span> </div> <div className=""grid grid-cols-2 gap-1"">"
button,src/features/manifest-editor/components/layout/Toolbar.tsx,383,"<button\n                      onClick={() => {\n                        onAddEntity('jack', { type: 'port', label: 'CV Out' });\n                        setShowAddMenu(false);\n                  ",> In </button>
button,src/features/manifest-editor/components/layout/Toolbar.tsx,403,"<button\n                      onClick={() => {\n                        onAddEntity('jack', { type: 'port', label: 'Gate In' });\n                        setShowAddMenu(false);\n                 ","<span>Gate/Trig</span> </div> <div className=""grid grid-cols-2 gap-1"">"
button,src/features/manifest-editor/components/layout/Toolbar.tsx,413,"<button\n                      onClick={() => {\n                        onAddEntity('jack', { type: 'port', label: 'Gate Out' });\n                        setShowAddMenu(false);\n                ",> In </button>
button,src/features/manifest-editor/components/layout/Toolbar.tsx,433,"<button\n                      onClick={() => {\n                        onAddEntity('jack', { type: 'port', label: 'MIDI In' });\n                        setShowAddMenu(false);\n                 ","<span>MIDI</span> </div> <div className=""grid grid-cols-2 gap-1"">"
button,src/features/manifest-editor/components/layout/Toolbar.tsx,443,"<button\n                      onClick={() => {\n                        onAddEntity('jack', { type: 'port', label: 'MIDI Out' });\n                        setShowAddMenu(false);\n                ",> In </button>
button,src/features/manifest-editor/components/layout/UndoTimelinePopover.tsx,192,<button\n              key={entry.id}\n              onClick={() => {\n                if (!isCurrent) {\n                  onUndoTo(originalIndex);\n                  onClose();\n                }\n ,const isCurrent = revIdx === 0; // newest past entry = current state return (
button,src/features/manifest-editor/components/layout/UndoTimelinePopover.tsx,244,"<button\n                key={entry.id}\n                onClick={() => {\n                  onRedo();\n                  onClose();\n                }}\n                className=""w-full flex items-c","{future.length > 0 && ( <div className=""opacity-50""> {future.map((entry) => ("
button,src/features/manifest-editor/components/layout/UndoTimelinePopover.tsx,280,<button\n                  key={`batch-${entry.time}-${idx}`}\n                  onClick={() => {\n                    if (isUndoable && onUndoBatchEntry) {\n                      onUndoBatchEntry(idx,const variantClass = BATCH_VARIANT_TIMELINE[entry.variant] || 'border-white/20 bg-white/5 text-white/60'; const isUndoab
button,src/features/manifest-editor/components/layout/UndoTimelinePopover.tsx,310,"<button\n          onClick={() => { onUndo(); onClose(); }}\n          disabled={past.length === 0}\n          className=""flex-1 flex items-center justify-center gap-1.5 py-1.5 text-[8px] font-bold up","{/* FOOTER: Undo / Redo buttons */} <div className=""flex border-t wb-outline"">"
button,src/features/manifest-editor/components/layout/UndoTimelinePopover.tsx,318,"<button\n          onClick={() => { onRedo(); onClose(); }}\n          disabled={future.length === 0}\n          className=""flex-1 flex items-center justify-center gap-1.5 py-1.5 text-[8px] font-bold ","<Undo2 className=""w-2.5 h-2.5"" /> Undo </button>"
button,src/features/manifest-editor/components/mockup/MockupFooter.tsx,35,"<button \n      onClick={onExport}\n      disabled={isExporting}\n      className=""flex items-center gap-2 px-8 py-2.5 rounded-xs text-[8px] font-black uppercase tracking-widest transition-all disa",)} </div>
"input[type=""color""]",src/features/manifest-editor/components/modals/BlueprintPromptDialog.tsx,88,"<input\n            type=""color""\n            className=""w-full h-10 bg-black/40 border wb-outline rounded-xs cursor-pointer""\n            value={String(value || '#00f2ff')}\n            onChange={(e)",case 'color': return (
"input[type=""checkbox""]",src/features/manifest-editor/components/modals/BlueprintPromptDialog.tsx,99,"<input\n              type=""checkbox""\n              id={`p-${p.id}`}\n              className=""w-4 h-4 accent-primary rounded-xs cursor-pointer""\n              checked={!!value}\n              onChan","case 'boolean': return ( <div className=""flex items-center gap-3 py-2"">"
"input[type=""number""]",src/features/manifest-editor/components/modals/BlueprintPromptDialog.tsx,112,"<input\n            type=""number""\n            className=""w-full px-4 py-2.5 bg-black/40 border wb-outline rounded-xs text-[11px] font-bold text-white focus:outline-none focus:border-primary/40""\n    ",case 'number': return (
"input[type=""text""]",src/features/manifest-editor/components/modals/BlueprintPromptDialog.tsx,122,"<input\n            type=""text""\n            className=""w-full px-4 py-2.5 bg-black/40 border wb-outline rounded-xs text-[11px] font-bold text-white focus:outline-none focus:border-primary/40 transiti",default: return (
button,src/features/manifest-editor/components/modals/ExposeParametersDialog.tsx,201,<button\n                                onClick={(e) => {\n                                  e.preventDefault();\n                                  e.stopPropagation();\n                             ,"/> <span className=""flex-1"">{attr.label}</span> {isSelected && ("
button,src/features/manifest-editor/components/modals/ExposeParametersDialog.tsx,240,<button\n                  onClick={handleConfirm}\n                  disabled={!hasSelection}\n                  className={`px-3 py-1.5 rounded-xs text-[7px] font-black uppercase tracking-widest bor,> Cancel </button>
"input[type=""checkbox""]",src/features/manifest-editor/components/modals/ExposeParametersDialog.tsx,192,"<input\n                              type=""checkbox""\n                              checked={isSelected}\n                              onChange={() => toggleParam(child.id, attr.key)}",: 'hover:bg-white/5 border border-transparent wb-text-muted' } ${!hasValue && attr.key !== 'label' ? 'opacity-30 pointer
button,src/features/manifest-editor/components/modals/HelpModal.tsx,108,<button \n                 onClick={() => { setActiveCategory('user'); setExpandedSection('introduccion'); }}\n                 className={`px-6 py-1.5 rounded-xs text-[9px] font-black uppercase tra,"{/* FOOTER */} <div className=""flex-none p-5 border-t wb-outline flex items-center justify-between wb-surface-subtle""> <"
button,src/features/manifest-editor/components/modals/HelpModal.tsx,114,<button \n                 onClick={() => { setActiveCategory('developer'); setExpandedSection('sdk_core'); }}\n                 className={`px-6 py-1.5 rounded-xs text-[9px] font-black uppercase tr,> Manual Usuario </button>
button,src/features/manifest-editor/components/modals/IngestionModal.tsx,81,"<button \n            onClick={handleConfirm}\n            disabled={!ingestionList.some((i: IngestionFile) => i.selected)}\n            className=""px-8 py-2.5 bg-primary/20 border border-primary/40 t",<ModalActionButton onClick={onCancel}> Abort Ingestion </ModalActionButton>
button,src/features/manifest-editor/components/modals/ModalActionButton.tsx,32,"<button\n      onClick={onClick}\n      disabled={disabled}\n      className=""px-6 py-2.5 rounded-xs border wb-outline wb-text-muted hover:wb-text hover:bg-white/5 text-[9px] font-black uppercase trac","export default function ModalActionButton({ onClick, children, disabled }: ModalActionButtonProps) { return ("
button,src/features/manifest-editor/components/modals/ModalCloseButton.tsx,30,"<button\n      onClick={onClick}\n      title={title}\n      className=""p-1.5 rounded-xs border wb-outline wb-text-muted hover:wb-text hover:bg-red-500/10 hover:border-red-500/30 transition-all""\n    ","export default function ModalCloseButton({ onClick, title }: ModalCloseButtonProps) { return ("
button,src/features/manifest-editor/components/modulation/VisualModulationMatrix.tsx,221,"<button\n              onClick={onClose}\n              className=""p-1.5 hover:bg-white/5 rounded text-white/40 hover:text-white transition-all""\n            >\n              <X className=""w-3.5 h-3.5","<span className=""text-[7px] font-mono text-white/20""> {(manifest.modulations || []).length} active </span>"
button,src/features/manifest-editor/components/modulation/VisualModulationMatrix.tsx,345,"<button\n                              onClick={(e) => { e.stopPropagation(); onRemove(mod.id); setSelectedMod(null); }}\n                              className=""w-3.5 h-3.5 bg-red-500/80 rounded-ful","{/* Quick delete on selected */} {isSelected && mod && ( <div className=""absolute -top-1 -right-1 z-10"">"
button,src/features/manifest-editor/components/primitives/IndustrialField.tsx,129,"<button\n              type=""button""\n              onClick={onHelp}\n              className=""p-1 hover:text-primary transition-colors opacity-40 hover:opacity-100""\n            >\n              <Inf",</span> )} {onHelp && (
"input[type=""text""]",src/features/manifest-editor/components/primitives/IndustrialInput.tsx,84,<input\n      type={type}\n      value={value}\n      onChange={handleChange}\n      onFocus={handleFocus}\n      placeholder={placeholder}\n      disabled={disabled}\n      readOnly={readOnly}\n     ,": ""hover:border-primary/20""; return ("
button,src/features/manifest-editor/components/rack/BindingOverlay.tsx,252,"<button\n                onClick={() => setActivePopover(null)}\n                className=""p-0.5 hover:bg-white/10 rounded text-white/30 hover:text-white shrink-0 transition-colors""\n              >\",{activeDot.label} </span> </div>
button,src/features/manifest-editor/components/rack/BindingOverlay.tsx,288,"<button\n                  key={bindId}\n                  onClick={() => handleBindSelect(activeDot.nodeId, bindId)}\n                  className={`text-left px-2 py-1.5 rounded text-[9px] font-mono ",{/* Available binds from contract */} {contractBindIds.map(bindId => (
button,src/features/manifest-editor/components/rack/RackHUD.tsx,44,<button \n          onClick={() => setIsLiveMode(false)} \n          className={`flex items-center gap-2 px-4 py-1.5 rounded-xs text-[8px] font-black tracking-[0.1em] transition-all ${!isLiveMode ? 'b,"<div className=""absolute bottom-6 left-6 right-6 flex justify-between items-end z-50 pointer-events-none"" onClick={(e) ="
button,src/features/manifest-editor/components/rack/RackHUD.tsx,51,<button \n          onClick={() => setIsLiveMode(true)} \n          className={`flex items-center gap-2 px-4 py-1.5 rounded-xs text-[8px] font-black tracking-[0.1em] transition-all ${isLiveMode ? 'bg-,"<Settings2 className=""w-3 h-3"" /> <span>ENGINEERING</span> </button>"
"input[type=""range""]",src/features/manifest-editor/components/rack/SignalInjector.tsx,187,"<input \n                    type=""range"" \n                    min=""0"" max=""1"" step=""0.01"" \n                    value={stepVal} \n                    onChange={e => {","{(sig.steps ?? []).slice(0, 8).map((stepVal, i) => ( <div key={i} className=""flex-1 flex flex-col items-center gap-0.5"">"
"input[type=""file""]",src/features/manifest-editor/components/shared/HiddenFileHandlers.tsx,44,"<input \n        id=""bulk-upload"" \n        type=""file"" \n        accept="".acemm,.wasm,.ace,.json"" \n        multiple \n        className=""hidden"" \n        onChange={(e) => {",return ( <>
"input[type=""file""]",src/features/manifest-editor/components/shared/HiddenFileHandlers.tsx,57,"<input \n        id=""folder-upload"" \n        type=""file"" \n        {...({ webkitdirectory: """", directory: """" } as React.InputHTMLAttributes<HTMLInputElement> & { webkitdirectory: string; directory",} }} />
"input[type=""file""]",src/features/manifest-editor/components/shared/HiddenFileHandlers.tsx,69,"<input \n        id=""resource-upload"" \n        type=""file"" \n        accept=""image/*"" \n        multiple \n        className=""hidden"" \n        onChange={(e) => {",} }} />
button,src/features/manifest-editor/components/shared/OnboardingWalkthrough.tsx,286,<button\n                    onClick={handlePrev}\n                    disabled={isFirst}\n                    className={`flex items-center gap-1 px-3 py-1.5 rounded-xs text-[8px] font-bold uppercase,"{/* Navigation */} <div className=""flex items-center justify-between"">"
button,src/features/manifest-editor/components/shared/OnboardingWalkthrough.tsx,298,"<button\n                    onClick={handleNext}\n                    className=""flex items-center gap-1.5 px-4 py-1.5 rounded-xs bg-primary/20 border border-primary/30 text-primary text-[8px] font-b","<ChevronLeft className=""w-3 h-3"" /> Back </button>"
button,src/features/manifest-editor/components/shared/OnboardingWalkthrough.tsx,320,<button\n                    key={idx}\n                    onClick={() => setCurrentStep(idx)}\n                    className={`w-1.5 h-1.5 rounded-full transition-all ${\n                      idx =,"{/* Footer dot indicators */} <div className=""flex items-center justify-center gap-1 pb-3""> {TOUR_STEPS.map((_, idx) => "
button,src/features/manifest-editor/components/viewport/RackContextMenu.tsx,156,<button\n      onClick={onClick}\n      disabled={disabled}\n      className={`w-full flex items-center gap-2 px-3 py-1.5 text-[9px] font-bold uppercase tracking-wider transition-all ${\n        disab,disabled?: boolean; }) { return (
"input[type=""checkbox""]",src/features/manifest-editor/components/viewport/RackMiniMap.tsx,564,"<input\n                        type=""checkbox""\n                        checked={!isHidden}\n                        onChange={() => toggleKindFilter(kind)}","key={kind} className=""flex items-center gap-1.5 px-1.5 py-1 rounded-xs hover:bg-white/5 cursor-pointer text-[7px] font-b"
button,src/features/manifest-editor/components/viewport/RackStartupAssistant.tsx,55,"<button\n            onClick={onOpenGallery}\n            className=""flex flex-col items-center gap-3 p-5 border border-outline bg-white/5 hover:border-primary/50 hover:bg-primary/10 transition-all gr","</div> <div className=""grid grid-cols-2 gap-4"">"
button,src/features/manifest-editor/components/viewport/RackStartupAssistant.tsx,68,"<button\n            onClick={onLinkWorkspace}\n            className=""flex flex-col items-center gap-3 p-5 border border-outline bg-white/5 hover:border-primary/50 hover:bg-primary/10 transition-all ",</div> </button>
button,src/features/manifest-editor/components/viewport/RackStartupAssistant.tsx,92,"<button\n          onClick={onCreateFromScratch}\n          className=""w-full py-4 border border-outline bg-black/40 hover:border-primary/50 hover:bg-white/5 text-[10px] font-black uppercase tracking-","<div className=""flex-1 h-px bg-outline"" /> </div>"
button,src/features/manifest-editor/components/viewport/ViewportToolbar.tsx,311,<button\n              onClick={onToggleMiniMap}\n              className={`flex items-center justify-center w-6 h-5 rounded transition-colors ${\n                showMiniMap\n                  ? 'tex,"<> <ToolbarDivider /> <div className=""flex items-center px-1"">"
button,src/features/manifest-editor/components/viewport/ViewportToolbar.tsx,329,<button\n              onClick={onToggleBindingMode}\n              className={`flex items-center justify-center w-6 h-5 rounded transition-colors ${\n                isBindingMode\n                  ,"<> <ToolbarDivider /> <div className=""flex items-center px-1"">"
"input[type=""number""]",src/features/manifest-editor/components/viewport/ViewportToolbar.tsx,234,"<input\n                type=""number""\n                value={pxPerHP}\n                min={4}\n                max={80}\n                onChange={e => setPxPerHP(Math.max(4, parseInt(e.target.value","{/* Scale factor */} <div className=""flex items-center justify-between mb-2""> <span className=""text-[8px] text-[#999] up"
"input[type=""number""]",src/features/manifest-editor/components/viewport/ViewportToolbar.tsx,249,"<input\n                  type=""number""\n                  value={spacingX}\n                  min={1}\n                  onChange={e => updateGrid({ spacingX: Math.max(1, parseInt(e.target.value) || ","<div className=""flex items-center justify-between mb-1""> <span className=""text-[8px] text-[#999] uppercase"">Spacing X</s"
"input[type=""number""]",src/features/manifest-editor/components/viewport/ViewportToolbar.tsx,266,"<input\n                  type=""number""\n                  value={spacingY}\n                  min={1}\n                  onChange={e => updateGrid({ spacingY: Math.max(1, parseInt(e.target.value) || ","<div className=""flex items-center justify-between mb-1""> <span className=""text-[8px] text-[#999] uppercase"">Spacing Y</s"
button,src/omega-ui-core/renderers/primitives/index.tsx,76,return <Button id={node.id} label={node.label} size={node.size} style={node.style} bind={node.bind} value={value} />;,case 'switch': return <Switch id={node.id} size={node.size} style={node.style} bind={node.bind} value={value} />; case '
